Time Passed (min),Answered Questions,Correct Answers,Skips,Spatial,Numeric,Arithmetic,Performance
21.592582197819517,43,21,1,16,5,0,Faible
8.509059662904514,23,19,15,4,7,8,Moyen
6.620791307406623,32,6,0,0,5,1,Très Faible
6.380716181942827,37,27,6,23,2,2,Très Fort
10.725520684325884,42,8,0,6,0,2,Très Faible
14.374837394237476,36,36,4,34,1,1,Très Fort
24.490787952074918,10,7,34,6,1,0,Faible
19.334081561052134,43,29,0,16,13,0,Moyen
19.89490752655604,17,2,4,0,2,0,Très Faible
10.174783639855784,12,4,13,0,4,0,Faible
19.665451637921652,24,12,20,6,5,1,Moyen
12.264203894832306,37,29,7,27,0,2,Très Fort
6.013663806221472,22,7,12,7,0,0,Faible
18.59651665177966,37,13,7,9,3,1,Faible
19.78351315420836,16,4,18,2,2,0,Très Faible
22.176741529093228,36,26,8,19,5,2,Fort
10.029741024875772,13,13,2,11,1,1,Faible
23.919581059959857,10,8,24,3,5,0,Faible
5.017887844204574,5,3,23,1,0,2,Très Faible
14.73444061212109,37,4,4,3,0,1,Très Faible
13.05333163222964,19,16,16,9,1,6,Faible
10.376543189092992,35,1,8,0,0,1,Très Faible
6.061376389628834,29,13,8,3,6,4,Faible
5.721464726158221,42,39,0,34,2,3,Très Fort
21.826163858963127,34,11,6,10,1,0,Faible
8.935713984706492,35,23,8,23,0,0,Moyen
10.224481991801994,24,6,0,1,4,1,Très Faible
12.475410825480148,17,1,7,1,0,0,Très Faible
13.0108364209268,13,11,26,5,1,5,Faible
9.10231164917812,5,5,14,4,0,1,Très Faible
19.634469215429565,22,1,11,0,0,1,Très Faible
22.523159323127835,25,3,1,1,1,1,Très Faible
18.49023989932627,21,13,4,10,1,2,Moyen
22.355881184965412,28,9,11,1,0,8,Faible
24.396136742509203,43,39,0,11,23,5,Fort
14.792477989690788,43,43,0,32,4,7,Très Fort
12.044219611867582,5,5,11,3,1,1,Très Faible
7.838276367647881,37,32,5,18,14,0,Très Fort
16.55213459260807,7,6,11,2,4,0,Très Faible
21.63061517955284,8,4,9,2,2,0,Très Faible
10.928257259009813,23,19,7,1,14,4,Moyen
9.797204750906939,32,19,8,17,2,0,Moyen
6.949958501587732,6,3,11,0,3,0,Très Faible
19.378276765152542,17,9,14,2,1,6,Faible
9.173507410614032,16,13,19,12,1,0,Faible
23.954630543441084,22,7,16,6,1,0,Faible
6.20549839066488,44,41,0,35,3,3,Très Fort
10.073694013891114,34,20,0,7,6,7,Moyen
14.119029681412133,9,1,19,1,0,0,Très Faible
14.581281032171585,5,0,20,0,0,0,Très Faible
10.502490008271671,24,8,13,0,6,2,Faible
19.90359378360155,26,0,10,0,0,0,Très Faible
14.893941095012684,39,35,4,25,5,5,Très Fort
12.142449246558463,27,3,10,3,0,0,Très Faible
13.915496346214724,38,20,5,2,14,4,Moyen
16.000772654318325,2,1,28,1,0,0,Très Faible
21.75386629546582,41,38,3,11,23,4,Fort
19.452046882162065,18,1,19,1,0,0,Très Faible
5.180729345887931,37,28,7,20,1,7,Très Fort
16.85911997221391,25,3,9,3,0,0,Très Faible
6.622024993788882,19,13,3,5,5,3,Faible
6.368506887290231,22,12,9,7,4,1,Moyen
14.150318418753553,12,9,28,4,0,5,Faible
6.677138775820135,4,4,12,4,0,0,Très Faible
7.9796304365241895,24,24,0,6,0,18,Moyen
23.185214431838485,41,25,2,17,0,8,Moyen
13.744056986855892,30,17,2,10,1,6,Moyen
24.130440936491063,40,2,0,2,0,0,Très Faible
14.477788311626576,19,18,24,12,0,6,Faible
14.52584124016077,22,4,11,0,0,4,Très Faible
13.413802619600574,11,0,23,0,0,0,Très Faible
18.89039376397316,27,24,14,19,1,4,Moyen
9.24860734165798,7,1,21,1,0,0,Très Faible
23.63684747655957,25,11,9,1,0,10,Faible
23.46777479071521,25,18,13,5,2,11,Moyen
12.565331372347849,39,37,2,31,3,3,Très Fort
22.837727012568315,39,21,5,5,10,6,Moyen
24.156572265143506,43,4,1,1,0,3,Très Faible
14.71513360462306,9,5,19,5,0,0,Très Faible
9.956735418667392,25,19,15,0,15,4,Moyen
12.19873474571201,29,1,10,0,0,1,Très Faible
20.663494302925592,8,2,28,2,0,0,Très Faible
22.271104155745295,40,13,3,5,4,4,Faible
24.312589678571193,17,7,0,4,0,3,Faible
20.747276837762712,6,5,21,5,0,0,Très Faible
10.198237049828675,41,38,0,35,0,3,Très Fort
5.2774313167218985,3,2,32,1,1,0,Très Faible
12.596721043692476,8,7,24,6,1,0,Très Faible
17.595033849255806,5,4,15,3,0,1,Très Faible
18.28527305048515,41,20,1,11,6,3,Faible
22.263260456430377,1,0,15,0,0,0,Très Faible
13.979205671269696,4,2,27,2,0,0,Très Faible
11.80913853767936,14,0,30,0,0,0,Très Faible
7.221523459535655,3,1,20,1,0,0,Très Faible
8.141201445289648,19,14,9,5,5,4,Faible
14.942588222490944,8,6,20,4,1,1,Très Faible
16.02083894739075,13,0,7,0,0,0,Très Faible
8.38921336348224,1,0,0,0,0,0,Très Faible
13.092082017161841,37,9,0,5,1,3,Très Faible
20.49374167606487,17,7,25,4,1,2,Faible
10.524258719234759,5,2,3,1,0,1,Très Faible
5.192898801151342,30,15,11,5,7,3,Moyen
17.969315785103674,40,29,1,17,0,12,Très Fort
18.488517305022835,23,5,13,2,1,2,Très Faible
13.759806542637996,14,7,17,2,0,5,Faible
8.463762790381,35,2,0,0,2,0,Très Faible
22.901663388091762,10,4,23,1,3,0,Faible
20.80305674610415,19,5,8,5,0,0,Très Faible
20.305048052362096,1,1,28,0,0,1,Très Faible
11.994870714298813,5,4,23,2,2,0,Très Faible
20.715393428428584,28,23,14,20,2,1,Moyen
17.450876707790467,8,8,8,1,3,4,Très Faible
23.08055488643481,43,18,0,15,3,0,Faible
18.16130696851853,31,5,10,3,2,0,Très Faible
23.71962757762546,22,6,3,1,5,0,Très Faible
6.728479278836388,23,20,16,18,2,0,Moyen
16.8739142273653,34,29,9,0,2,27,Très Fort
7.297854823551488,18,2,5,0,1,1,Très Faible
24.00171301405748,26,18,14,1,0,17,Moyen
21.643422505682025,39,27,1,14,1,12,Moyen
11.868836728109958,43,32,0,31,1,0,Très Fort
6.608446226663172,5,3,27,1,0,2,Très Faible
11.363076847190118,8,1,18,1,0,0,Très Faible
13.670218778967518,31,21,2,4,11,6,Moyen
17.169687425529347,39,5,0,5,0,0,Très Faible
19.409290494847014,31,9,8,2,5,2,Très Faible
13.992134047948234,32,5,1,1,4,0,Très Faible
17.75265081996335,26,8,5,1,5,2,Faible
8.406901065414928,38,4,6,1,3,0,Très Faible
19.790601115575015,14,14,4,0,7,7,Faible
11.153529462504936,15,1,7,0,1,0,Très Faible
7.483000293322776,33,1,7,1,0,0,Très Faible
16.073165501415307,17,8,27,2,0,6,Faible
24.16748867129972,38,15,0,4,1,10,Faible
9.43581635060351,8,4,23,3,1,0,Très Faible
14.601287073784455,10,6,1,2,4,0,Faible
19.46235234322134,35,30,7,24,3,3,Fort
18.62275162100656,38,18,0,3,11,4,Faible
19.525178059045132,21,9,11,8,0,1,Faible
18.60878694807241,41,20,3,13,4,3,Faible
18.65398778348041,14,12,17,0,7,5,Faible
11.00032918141903,21,19,8,7,7,5,Moyen
11.356070740046906,25,6,7,5,0,1,Très Faible
23.162359359543522,42,15,0,11,3,1,Faible
6.720689651804969,35,19,5,0,1,18,Moyen
16.49936240355371,35,23,0,1,10,12,Moyen
11.46029882933362,44,24,0,2,2,20,Moyen
9.415276324254766,44,15,0,11,1,3,Faible
18.352896391037177,26,19,7,12,4,3,Moyen
11.481089540704419,11,8,8,5,0,3,Faible
14.307050720906744,10,4,33,1,0,3,Faible
18.99738788020244,15,4,8,0,1,3,Très Faible
16.983084754931248,28,28,7,9,0,19,Moyen
12.469895745342292,25,22,11,0,9,13,Moyen
13.066676951782037,14,7,30,1,0,6,Faible
20.33196940070358,10,5,25,5,0,0,Faible
7.43304049919804,18,1,9,1,0,0,Très Faible
23.78202086922925,26,11,17,10,0,1,Faible
16.020022656601704,11,7,11,6,0,1,Faible
24.841923192213503,24,17,9,4,13,0,Moyen
16.862891719658933,37,0,7,0,0,0,Très Faible
21.83958861760771,10,4,9,1,2,1,Faible
12.491053616102894,31,14,13,7,7,0,Faible
11.94910026716032,7,4,1,1,3,0,Très Faible
24.914854139335326,33,13,6,10,2,1,Faible
14.217562648488894,28,20,7,2,8,10,Moyen
6.7577058901676,14,14,25,1,1,12,Faible
23.045680392524773,34,31,4,1,24,6,Fort
12.22364521960148,37,3,2,1,0,2,Très Faible
20.719065470679695,33,12,10,0,0,12,Faible
9.301755413362061,43,43,0,37,6,0,Très Fort
8.844646461519938,31,2,11,2,0,0,Très Faible
15.085889049215492,38,25,0,9,11,5,Moyen
24.49984439123022,12,7,16,3,2,2,Faible
21.994351583611994,37,20,2,15,3,2,Moyen
12.006889116759456,32,11,11,11,0,0,Faible
12.287094893721427,39,26,3,26,0,0,Moyen
8.318985232115237,33,29,5,11,17,1,Très Fort
15.027568899058348,20,12,14,11,0,1,Moyen
21.719848032450095,22,9,18,9,0,0,Faible
15.454022612590194,10,2,17,0,1,1,Très Faible
24.661403938418548,24,2,0,2,0,0,Très Faible
23.974138084771603,37,19,3,7,1,11,Moyen
17.262421481493156,37,1,3,0,0,1,Très Faible
23.870348407460007,31,9,10,3,6,0,Très Faible
24.3627720448843,42,0,2,0,0,0,Très Faible
14.041071020938716,18,2,16,2,0,0,Très Faible
24.686081841337714,19,10,2,7,2,1,Faible
10.099638024810513,34,26,8,5,5,16,Très Fort
20.941852588744666,17,10,1,4,5,1,Faible
6.739025861340869,43,18,1,7,0,11,Faible
12.590754043060953,25,25,0,24,0,1,Moyen
20.85673279130233,40,28,4,3,2,23,Fort
23.045891078220922,39,37,1,17,16,4,Fort
19.763465259931138,16,13,26,11,0,2,Faible
8.54188011256275,21,12,9,1,2,9,Moyen
14.37898452852302,34,26,3,20,3,3,Très Fort
7.071605573004714,24,17,3,8,5,4,Moyen
12.520635110507452,19,7,3,3,0,4,Faible
7.410754927234247,19,15,13,1,8,6,Faible
14.181838656753431,6,1,2,1,0,0,Très Faible
14.291941086943908,41,35,0,21,13,1,Très Fort
8.05819162300985,37,14,1,11,3,0,Faible
12.956529497615904,34,31,4,8,23,0,Très Fort
6.425703601181246,22,0,18,0,0,0,Très Faible
11.309364628131862,2,2,36,0,2,0,Très Faible
22.582579389632155,27,25,10,0,6,19,Moyen
12.674548711709587,8,6,33,6,0,0,Très Faible
11.660858345198022,42,0,1,0,0,0,Très Faible
17.16095044377593,14,14,22,9,1,4,Faible
12.591461711844108,38,37,3,18,12,7,Très Fort
8.162559320613795,12,8,7,4,2,2,Faible
8.915399253832641,27,26,3,23,2,1,Moyen
16.382954648932806,18,6,24,0,0,6,Faible
23.359489570757724,17,1,0,1,0,0,Très Faible
6.482057936269328,4,3,4,2,0,1,Très Faible
16.92350299985287,15,2,5,1,1,0,Très Faible
10.931028188553107,43,10,1,1,1,8,Très Faible
21.131867031467454,21,12,21,12,0,0,Moyen
6.423359158170547,9,5,28,3,0,2,Très Faible
11.31729463918612,23,12,6,4,0,8,Moyen
18.34728405537821,25,15,15,1,6,8,Moyen
13.223212249673654,22,15,2,5,5,5,Moyen
6.847900818129382,16,6,22,3,1,2,Faible
16.628922608538623,18,10,4,4,5,1,Faible
8.82220557825156,1,0,14,0,0,0,Très Faible
7.0017573041581755,35,5,8,0,5,0,Très Faible
19.392445373128638,31,4,8,0,1,3,Très Faible
19.735816519866358,41,19,0,4,15,0,Faible
8.26516323470062,34,19,9,12,2,5,Moyen
16.211588926003106,19,6,18,1,3,2,Faible
14.100370438864543,6,0,32,0,0,0,Très Faible
15.500889840848288,24,10,6,8,1,1,Faible
22.739561644872385,20,13,7,13,0,0,Moyen
23.884659008617703,25,16,9,11,4,1,Moyen
13.025362859663074,32,1,6,1,0,0,Très Faible
18.877076395585505,14,13,6,10,1,2,Faible
15.664097041750873,2,1,30,0,1,0,Très Faible
7.174948956051037,2,1,0,1,0,0,Très Faible
17.507602143083943,7,6,34,4,0,2,Très Faible
5.437722390744524,15,8,14,8,0,0,Faible
19.750093766890906,4,0,38,0,0,0,Très Faible
15.730931968625521,21,16,11,15,0,1,Moyen
22.693161287531016,14,11,29,2,5,4,Faible
9.92640238533961,37,4,0,2,2,0,Très Faible
16.074760701392645,7,1,14,1,0,0,Très Faible
22.871831731539196,9,3,32,0,1,2,Très Faible
13.231566999049392,33,30,2,3,27,0,Très Fort
6.550883351159856,11,0,23,0,0,0,Très Faible
9.34760536755114,31,17,3,11,6,0,Moyen
15.509381556054475,31,29,9,23,4,2,Fort
13.789584598022994,36,12,5,11,1,0,Faible
8.190967423755485,11,1,31,1,0,0,Très Faible
7.330255520377835,36,18,5,18,0,0,Moyen
19.91149915878302,20,4,7,1,1,2,Très Faible
5.014276654686521,39,10,5,7,2,1,Très Faible
23.525268917709855,11,0,21,0,0,0,Très Faible
21.10961120847639,32,28,4,16,4,8,Fort
19.423314057879573,24,5,20,0,0,5,Très Faible
18.99217186732723,20,0,10,0,0,0,Très Faible
17.963057418571626,14,9,22,9,0,0,Faible
5.369680482692296,21,7,15,1,5,1,Faible
20.670469091816603,1,0,41,0,0,0,Très Faible
21.98604498716869,19,6,8,4,0,2,Faible
7.057093224309925,25,19,14,9,10,0,Moyen
9.761978946749817,13,12,1,10,1,1,Faible
10.041272567242359,43,33,1,19,13,1,Très Fort
7.509294235543258,44,27,0,27,0,0,Moyen
9.206261875772794,43,14,1,14,0,0,Faible
13.37418479016537,6,1,37,1,0,0,Très Faible
15.952407068142485,44,7,0,7,0,0,Très Faible
21.94104070766071,36,13,4,8,5,0,Faible
15.412028235165074,20,20,5,0,19,1,Moyen
19.13301006907646,34,7,0,2,4,1,Très Faible
24.688653647823756,38,9,6,8,1,0,Très Faible
16.826508407444933,13,10,6,1,8,1,Faible
17.241988184811927,42,5,2,1,3,1,Très Faible
7.883964119664828,36,0,4,0,0,0,Très Faible
11.322702082314475,11,11,8,7,4,0,Faible
17.699173922046008,43,10,1,1,3,6,Très Faible
16.133703040503182,20,12,6,9,0,3,Moyen
19.066035167126067,41,38,2,17,18,3,Très Fort
10.576599339908048,4,3,30,2,0,1,Très Faible
22.478948910735703,33,24,9,17,4,3,Fort
11.465104907150447,4,2,37,2,0,0,Très Faible
7.651017460036076,17,9,27,1,3,5,Faible
7.163251320247324,12,0,17,0,0,0,Très Faible
23.899847928623558,5,4,22,4,0,0,Très Faible
5.385625236925142,39,9,0,1,3,5,Très Faible
14.034233560759352,19,15,2,10,0,5,Faible
17.782013693145206,4,3,13,2,0,1,Très Faible
13.812380718833218,19,16,14,12,2,2,Faible
18.080191286433987,28,15,13,12,3,0,Moyen
14.827543992275755,35,23,7,22,0,1,Moyen
7.126393586886206,5,0,9,0,0,0,Très Faible
12.496752712414125,29,29,1,29,0,0,Moyen
19.2040901042923,16,4,1,0,0,4,Très Faible
21.818523484822972,20,1,1,1,0,0,Très Faible
11.67635594486574,25,17,17,3,5,9,Moyen
12.674956800822104,1,0,11,0,0,0,Très Faible
6.0013862292388716,4,2,12,0,0,2,Très Faible
18.103737482225903,8,1,20,0,1,0,Très Faible
20.546150697683352,38,28,3,28,0,0,Fort
7.529765922242515,19,3,1,3,0,0,Très Faible
23.925079079516962,6,3,22,1,1,1,Très Faible
13.406747213358074,4,3,18,3,0,0,Très Faible
7.335078896685143,23,15,2,4,5,6,Moyen
12.997502101914984,5,0,39,0,0,0,Très Faible
23.896598595245948,8,1,21,1,0,0,Très Faible
7.269467974798678,9,5,24,3,1,1,Très Faible
18.575242570111875,24,22,7,6,7,9,Moyen
22.117683823101892,42,20,1,16,3,1,Faible
17.785682445562003,25,17,4,11,2,4,Moyen
10.979597781902452,4,1,5,0,1,0,Très Faible
7.009301418297891,34,11,4,7,0,4,Faible
14.550659604234077,13,2,4,1,0,1,Très Faible
5.006057377891788,21,11,10,2,1,8,Moyen
11.809500808109153,8,1,13,0,0,1,Très Faible
7.324304269844846,3,1,6,1,0,0,Très Faible
23.117010712608668,3,3,27,3,0,0,Très Faible
20.819243005971625,31,24,9,8,6,10,Fort
23.432990987420613,11,0,0,0,0,0,Très Faible
23.46178530321035,6,0,31,0,0,0,Très Faible
21.349237752890613,28,6,9,5,0,1,Très Faible
16.81501874927374,34,26,6,20,0,6,Très Fort
23.956450855052346,7,5,22,4,1,0,Très Faible
18.7384622436763,37,5,3,0,0,5,Très Faible
8.166412311895463,2,2,22,2,0,0,Très Faible
7.138403565208193,44,30,0,25,1,4,Moyen
10.717313243798896,22,7,17,6,0,1,Faible
21.254944790367897,40,30,2,17,0,13,Fort
20.150795364505033,3,1,0,0,0,1,Très Faible
16.31816182322848,9,8,23,5,3,0,Très Faible
15.047704171411876,16,13,19,7,3,3,Faible
12.499438574212814,42,11,0,7,4,0,Très Faible
9.67655160651715,20,17,0,0,11,6,Moyen
13.170606783272822,16,14,22,14,0,0,Faible
16.384312162194874,10,3,17,0,0,3,Faible
18.17946249914438,38,30,5,3,20,7,Très Fort
22.110328125797775,41,19,2,8,11,0,Faible
12.296424257043236,28,0,9,0,0,0,Très Faible
16.163672583862933,16,8,22,5,1,2,Faible
23.916228085068283,5,4,9,1,2,1,Très Faible
8.544255451116827,8,0,21,0,0,0,Très Faible
5.998198612330128,1,1,14,1,0,0,Très Faible
24.163222511822887,3,2,7,2,0,0,Très Faible
15.067474026714645,37,29,7,19,5,5,Très Fort
7.613788375112758,21,21,5,1,10,10,Moyen
17.784125287821176,33,2,5,2,0,0,Très Faible
15.783477258401994,21,7,22,4,0,3,Faible
9.421533414548565,34,5,0,2,1,2,Très Faible
8.937582796102062,40,35,4,6,25,4,Très Fort
11.82912125903259,8,6,20,6,0,0,Très Faible
23.401089472682028,34,33,7,17,13,3,Fort
24.669522205227906,44,1,0,1,0,0,Très Faible
24.385543784583753,18,5,17,0,5,0,Très Faible
17.965874086129624,21,8,3,8,0,0,Faible
18.430788262540272,28,25,0,9,4,12,Moyen
19.69630621704536,15,15,28,2,8,5,Faible
10.371189475262259,16,4,3,1,1,2,Très Faible
5.934573521832618,26,4,5,3,1,0,Très Faible
20.497911343949653,20,12,22,7,0,5,Moyen
18.57621622555017,19,16,25,14,1,1,Faible
11.490961056242456,4,0,14,0,0,0,Très Faible
16.03113053596733,10,6,23,2,1,3,Faible
19.81867042859932,24,14,10,13,0,1,Moyen
21.94674628733096,36,1,5,0,0,1,Très Faible
15.892630076995356,1,1,6,0,1,0,Très Faible
10.724884780435588,35,20,3,2,17,1,Moyen
8.19359176089472,24,3,15,3,0,0,Très Faible
15.53244972250604,33,27,1,10,17,0,Très Fort
24.46207659695108,25,8,4,8,0,0,Faible
6.082799804070453,24,24,16,8,5,11,Moyen
10.436398380121506,6,3,1,1,1,1,Très Faible
19.29791152757765,30,4,4,0,4,0,Très Faible
6.942374597054222,34,15,7,1,4,10,Faible
21.04126298242615,5,4,11,0,2,2,Très Faible
24.011460254861724,6,5,21,2,0,3,Très Faible
10.372515270328675,34,13,2,4,7,2,Faible
12.74767289844879,5,2,36,1,0,1,Très Faible
16.072017928453295,38,0,2,0,0,0,Très Faible
16.260194806351148,39,6,3,0,4,2,Très Faible
19.764948752354947,3,1,14,0,1,0,Très Faible
10.588570073221943,22,22,7,22,0,0,Moyen
24.43943727489674,38,29,5,16,4,9,Fort
16.676924222527113,36,8,1,8,0,0,Très Faible
21.016074428727055,33,28,5,13,2,13,Fort
16.62814747496972,16,12,7,6,0,6,Faible
24.271750809196387,27,23,1,17,0,6,Moyen
10.285293684579948,38,34,5,20,6,8,Très Fort
11.81113157415444,28,11,3,10,1,0,Faible
17.84419894539743,31,1,11,1,0,0,Très Faible
21.772803329450195,14,7,26,1,2,4,Faible
5.541303842597531,31,18,3,9,7,2,Moyen
9.268954220853104,10,9,31,6,2,1,Faible
9.936669476197245,40,8,4,1,1,6,Très Faible
24.71052944513164,1,1,11,1,0,0,Très Faible
13.460759888777453,27,7,2,7,0,0,Très Faible
7.918795819282227,2,2,1,2,0,0,Très Faible
11.879575564521936,37,20,0,1,1,18,Moyen
12.13436520478515,40,6,0,0,6,0,Très Faible
24.882964088380426,23,21,11,12,6,3,Moyen
13.715321529902502,41,27,0,9,2,16,Moyen
18.18714431485415,8,0,5,0,0,0,Très Faible
15.693128289136505,36,25,6,2,12,11,Moyen
22.571945017849625,36,24,8,21,1,2,Moyen
19.081493347334433,16,8,14,5,2,1,Faible
11.206039602883317,31,16,7,16,0,0,Moyen
19.3292528644481,21,9,3,8,0,1,Faible
17.018510847398403,38,31,2,12,13,6,Très Fort
13.697182150084757,34,19,9,15,0,4,Moyen
12.513150701548746,23,23,19,1,22,0,Moyen
22.758332230862727,42,18,0,12,1,5,Faible
18.341174923221057,14,3,1,2,0,1,Très Faible
19.609957017923097,16,16,0,1,1,14,Faible
13.395774363858699,9,9,31,3,5,1,Très Faible
9.401539585205807,26,16,16,15,0,1,Moyen
24.519070629788256,35,13,7,7,2,4,Faible
19.823091815045824,33,9,6,9,0,0,Très Faible
8.650695734621763,16,10,12,4,6,0,Faible
5.538572156720671,15,0,13,0,0,0,Très Faible
21.499652836262083,2,0,19,0,0,0,Très Faible
21.594602503788938,25,11,5,9,2,0,Faible
14.194108319925697,24,6,17,5,0,1,Très Faible
17.46608409929338,38,28,6,2,3,23,Très Fort
12.65802536302099,20,0,24,0,0,0,Très Faible
24.355270210349293,8,6,30,4,2,0,Très Faible
13.066721414293298,21,11,0,3,2,6,Moyen
7.595312746064014,44,42,0,21,4,17,Très Fort
23.138874358704946,10,5,17,1,0,4,Faible
14.306166167992762,9,4,33,3,0,1,Très Faible
20.8175543022056,30,1,14,1,0,0,Très Faible
14.843936640168057,2,1,33,0,1,0,Très Faible
10.705216051474762,33,11,7,9,2,0,Faible
16.440050588649285,18,8,16,8,0,0,Faible
9.118434805620574,11,6,8,1,2,3,Faible
18.714043668348694,35,5,6,4,1,0,Très Faible
13.47297593232458,2,0,12,0,0,0,Très Faible
15.889173031242896,16,1,16,0,0,1,Très Faible
9.474688407935181,36,7,2,5,2,0,Très Faible
23.738654069230478,41,24,2,5,18,1,Moyen
21.948185291458906,29,14,10,12,2,0,Faible
12.270222350826483,13,6,8,1,5,0,Faible
9.051358777933025,8,6,9,4,1,1,Très Faible
19.573215791994294,3,3,36,0,1,2,Très Faible
19.174555874031,6,5,35,0,1,4,Très Faible
9.478515230588169,23,18,20,18,0,0,Moyen
9.410732613753467,44,3,0,3,0,0,Très Faible
20.726835028208114,43,18,1,2,7,9,Faible
16.228644339547607,6,5,15,2,3,0,Très Faible
23.161028748669487,33,28,7,24,3,1,Fort
9.332368286493224,13,6,7,0,3,3,Faible
17.292468580349905,25,3,12,2,0,1,Très Faible
16.44301608299426,13,0,11,0,0,0,Très Faible
24.372167983437368,20,6,21,3,2,1,Faible
12.032803667101742,44,41,0,39,0,2,Très Fort
11.422197299247534,35,5,4,1,2,2,Très Faible
11.779560649692995,33,12,4,12,0,0,Faible
20.969461617344344,24,7,7,3,4,0,Très Faible
6.082466337078964,35,1,6,1,0,0,Très Faible
10.290961675672909,31,14,0,2,10,2,Faible
17.619760362583342,29,1,1,1,0,0,Très Faible
16.008131051424897,42,40,2,0,33,7,Très Fort
23.939704548636872,43,13,1,0,1,12,Faible
9.633577816658981,15,14,29,2,4,8,Faible
11.989455157365697,25,18,2,6,6,6,Moyen
9.887736781936274,22,12,4,12,0,0,Moyen
16.354225798781517,20,3,10,1,1,1,Très Faible
21.476562753365506,23,0,1,0,0,0,Très Faible
10.984632112943727,23,1,15,0,0,1,Très Faible
11.847397176282016,20,9,18,3,4,2,Faible
13.037319199496874,5,1,9,1,0,0,Très Faible
19.872879631853245,33,1,3,1,0,0,Très Faible
13.334805163337801,20,2,9,2,0,0,Très Faible
7.608016157288278,20,17,23,3,5,9,Moyen
21.18220073184024,35,5,0,4,0,1,Très Faible
16.509182203481654,43,43,0,3,2,38,Très Fort
20.029862599011565,19,12,1,6,5,1,Faible
10.39348865237828,30,13,11,5,4,4,Faible
13.654928914017358,2,2,41,2,0,0,Très Faible
18.731038326954312,40,23,0,23,0,0,Moyen
20.83979274203431,23,14,7,0,12,2,Moyen
18.70320084297269,27,19,5,12,1,6,Moyen
5.845391188422027,12,8,27,0,4,4,Faible
16.486870102381495,27,22,4,3,15,4,Moyen
23.137150994337052,10,2,14,1,1,0,Très Faible
17.642125789992033,30,20,14,4,8,8,Moyen
19.70133196619129,44,37,0,1,5,31,Très Fort
23.462412441165743,1,0,41,0,0,0,Très Faible
7.436522462209845,18,0,4,0,0,0,Très Faible
12.163479885350235,16,2,25,0,1,1,Très Faible
22.935411524334576,32,27,9,23,4,0,Fort
12.964692110562748,38,30,0,27,0,3,Très Fort
11.191898180264078,11,6,24,5,0,1,Faible
5.266143374626104,10,1,10,1,0,0,Très Faible
22.41419883826325,26,10,4,9,0,1,Faible
23.011693388793347,15,8,16,4,3,1,Faible
24.456799395038654,5,4,8,3,0,1,Très Faible
22.86495088682034,22,16,10,3,10,3,Moyen
9.272552302839985,23,20,16,5,7,8,Moyen
8.699839473847693,1,0,35,0,0,0,Très Faible
21.884383122243843,21,13,11,7,1,5,Moyen
24.361860141765387,31,9,2,2,2,5,Très Faible
22.98138385336738,24,22,18,5,14,3,Moyen
24.133820009971775,3,3,1,3,0,0,Très Faible
19.31150982382206,27,22,10,0,7,15,Moyen
19.07519211780074,40,36,4,14,1,21,Très Fort
21.548196896430802,27,13,17,10,1,2,Faible
15.982179943784413,4,1,11,0,0,1,Très Faible
16.537053233466523,32,0,4,0,0,0,Très Faible
23.37251164442961,40,18,3,7,3,8,Faible
12.079767413491325,41,20,2,15,2,3,Faible
18.682495959315016,33,31,9,10,20,1,Fort
22.152216312942276,32,14,5,6,2,6,Faible
10.365009862566197,25,6,10,2,3,1,Très Faible
18.353504292711673,38,32,1,7,21,4,Très Fort
20.295124352121306,19,18,3,1,10,7,Faible
23.801213714069206,18,4,20,4,0,0,Très Faible
15.115292835663105,35,15,9,11,0,4,Faible
9.879774921668016,24,8,15,3,1,4,Faible
18.329051400629332,13,8,18,2,5,1,Faible
8.13788394641212,35,27,4,17,2,8,Très Fort
10.683086995499325,33,23,0,12,1,10,Moyen
22.693161315503943,27,10,2,5,1,4,Faible
8.00291063964525,33,28,0,15,8,5,Très Fort
8.712767124603218,37,35,2,33,1,1,Très Fort
5.886185510320803,39,10,1,7,0,3,Très Faible
6.257267213746243,25,12,12,0,12,0,Faible
5.141195773539209,12,11,24,0,1,10,Faible
20.908130736354224,39,4,5,0,3,1,Très Faible
9.677088612469984,26,23,5,1,15,7,Moyen
6.086551040942161,1,1,31,1,0,0,Très Faible
14.214987381208296,23,14,16,3,9,2,Moyen
20.99568697696251,16,15,20,12,0,3,Faible
12.873767038507289,23,20,18,20,0,0,Moyen
21.330607680545686,18,0,7,0,0,0,Très Faible
23.231168844738065,22,20,4,5,1,14,Moyen
10.565397251032335,32,18,12,3,6,9,Moyen
9.020430106387295,20,10,14,9,1,0,Moyen
19.171057223925054,4,4,15,0,1,3,Très Faible
5.879354561986794,31,20,13,20,0,0,Moyen
14.939573992648615,14,7,7,6,1,0,Faible
18.986140694336882,3,3,29,2,1,0,Très Faible
22.87826952724249,4,1,14,1,0,0,Très Faible
12.601072429271074,40,19,1,9,9,1,Faible
13.831380669202847,1,1,31,0,0,1,Très Faible
7.8323602656080205,33,20,2,10,6,4,Moyen
7.38164175313448,34,22,9,1,9,12,Moyen
8.797977438954156,20,18,5,9,7,2,Moyen
19.64060309007626,12,3,3,0,0,3,Très Faible
8.845776662347182,18,3,17,0,0,3,Très Faible
22.494036822286553,23,10,0,10,0,0,Faible
12.924739860600788,3,0,1,0,0,0,Très Faible
20.777604695439695,41,3,0,3,0,0,Très Faible
6.724152874553182,28,18,0,14,2,2,Moyen
23.358753760070424,33,29,0,26,3,0,Fort
20.604239438962466,39,38,0,1,15,22,Fort
23.81435730285729,30,7,6,1,0,6,Très Faible
10.200648130666334,7,7,1,5,1,1,Très Faible
13.31353262528091,37,28,2,10,6,12,Très Fort
13.624100922981533,34,25,8,20,3,2,Très Fort
17.638865035365523,14,12,3,0,2,10,Faible
21.709435056780904,5,3,24,2,1,0,Très Faible
11.387270905401522,29,10,7,10,0,0,Faible
6.248754682244009,10,3,13,2,1,0,Faible
22.65016550989373,20,10,16,1,5,4,Moyen
8.397603702651386,39,28,4,15,13,0,Très Fort
15.592602546506239,36,3,0,3,0,0,Très Faible
22.890286401279788,42,17,2,12,4,1,Faible
19.677711174502413,27,20,9,4,3,13,Moyen
12.899722148297894,5,2,26,1,0,1,Très Faible
23.380558553615987,34,25,10,17,1,7,Fort
8.018398797887041,1,1,21,1,0,0,Très Faible
16.63914042633269,32,10,4,1,9,0,Faible
21.04089567890436,14,5,21,3,2,0,Faible
16.422841945988665,35,12,9,4,3,5,Faible
11.76923052279648,17,1,9,0,1,0,Très Faible
7.41021384846195,20,12,22,1,1,10,Moyen
24.918657837010418,27,6,13,6,0,0,Très Faible
15.235774800065023,33,2,7,2,0,0,Très Faible
7.113481697069024,29,17,11,0,16,1,Moyen
23.253613107191168,7,5,5,0,0,5,Très Faible
24.955925788288525,39,38,1,12,21,5,Fort
13.492873734840591,12,0,30,0,0,0,Très Faible
14.565214810312623,20,6,20,5,0,1,Faible
5.64418733852232,1,0,25,0,0,0,Très Faible
18.980883802265573,34,21,3,0,17,4,Moyen
21.191490555518044,23,7,19,1,0,6,Faible
24.106162440022377,8,8,33,2,3,3,Très Faible
7.763127088564046,22,8,19,3,4,1,Faible
16.917281539060937,24,5,2,0,1,4,Très Faible
5.117894332526747,29,5,0,5,0,0,Très Faible
17.574408044501126,2,0,3,0,0,0,Très Faible
11.011032897042764,12,11,7,7,4,0,Faible
19.182892001730494,32,18,5,7,4,7,Moyen
21.742641060313154,24,1,12,0,1,0,Très Faible
16.16856947506613,12,4,1,4,0,0,Faible
13.107339542576996,17,7,3,5,1,1,Faible
14.066899573515105,39,34,2,19,13,2,Très Fort
7.311784224974933,22,9,8,3,0,6,Faible
20.36030973765547,8,3,4,2,1,0,Très Faible
18.92211804690017,2,2,29,1,1,0,Très Faible
5.094987229038481,10,5,14,2,3,0,Faible
17.565170106591054,42,20,1,11,0,9,Faible
15.8736954526428,28,27,10,17,8,2,Moyen
8.313326744212857,42,37,2,6,0,31,Très Fort
15.24634798663054,15,2,8,0,1,1,Très Faible
13.835309482785174,1,1,21,1,0,0,Très Faible
12.001624545824122,29,6,15,3,2,1,Très Faible
21.472392140353264,23,7,18,0,0,7,Faible
5.9337490767217815,16,0,1,0,0,0,Très Faible
13.368925186185585,4,0,17,0,0,0,Très Faible
17.718606585345782,43,9,1,6,3,0,Très Faible
24.92194472125711,28,10,7,5,3,2,Faible
10.014705144460319,21,20,13,16,3,1,Moyen
10.9915537005777,26,2,10,1,0,1,Très Faible
7.609670935151211,28,3,16,1,1,1,Très Faible
6.401491050725774,38,22,0,18,0,4,Moyen
24.199100242915556,4,4,34,0,4,0,Très Faible
14.171315027192628,40,12,4,1,9,2,Faible
22.320167457139014,27,13,11,3,3,7,Faible
14.413860202683983,22,10,22,3,4,3,Faible
13.798975519143076,32,20,9,7,8,5,Moyen
10.957384494084357,6,4,6,0,2,2,Très Faible
22.233602177804418,29,15,0,11,0,4,Moyen
14.378457602706892,8,3,24,3,0,0,Très Faible
5.3571768916729905,6,0,3,0,0,0,Très Faible
13.231556680724134,38,10,2,8,0,2,Très Faible
18.04875321327137,37,11,6,8,0,3,Très Faible
22.311459360373203,8,5,18,4,1,0,Très Faible
18.967303776331583,9,1,30,0,1,0,Très Faible
20.152237774656815,30,18,14,0,9,9,Moyen
14.870589480021483,6,4,1,3,0,1,Très Faible
24.150872474416694,8,4,2,0,4,0,Très Faible
10.891075663192947,22,8,10,8,0,0,Faible
17.98842513067126,35,32,0,0,14,18,Fort
17.25975361925839,25,1,0,1,0,0,Très Faible
15.12609154896839,33,30,2,2,8,20,Très Fort
5.137775417533026,35,20,9,15,5,0,Moyen
9.05637363536136,20,17,4,4,4,9,Moyen
7.744398474852458,6,3,19,1,1,1,Très Faible
15.545529600442606,26,7,13,3,3,1,Très Faible
24.216879791776716,36,36,7,6,10,20,Fort
19.554549262632925,24,1,12,1,0,0,Très Faible
22.805625059665765,9,5,15,2,0,3,Très Faible
20.579830949646812,32,13,10,11,2,0,Faible
18.752350934963133,29,23,3,18,5,0,Moyen
17.370234015779715,25,8,7,0,6,2,Faible
8.403406296441876,6,2,14,0,2,0,Très Faible
5.740863360274506,25,11,13,5,6,0,Faible
9.598489696883307,2,0,13,0,0,0,Très Faible
16.874809346886103,12,11,17,8,1,2,Faible
15.919022863811032,10,9,16,4,1,4,Faible
18.504796042402376,39,11,2,8,0,3,Très Faible
6.067248042539466,33,7,0,2,1,4,Très Faible
19.114844154497888,25,17,8,1,16,0,Moyen
20.67652354752667,12,0,15,0,0,0,Très Faible
24.338229049117153,10,0,6,0,0,0,Très Faible
7.266673374802477,13,10,22,8,0,2,Faible
19.789558599878053,18,15,10,7,8,0,Faible
6.459219697202472,1,1,17,1,0,0,Très Faible
5.67342315846952,39,7,1,7,0,0,Très Faible
7.59638798519611,25,5,6,5,0,0,Très Faible
6.144755218127489,29,0,0,0,0,0,Très Faible
9.126628767476086,4,1,34,1,0,0,Très Faible
22.14097965707183,13,12,8,0,10,2,Faible
14.193062208463482,15,14,7,4,2,8,Faible
21.434070245679358,6,4,37,0,1,3,Très Faible
16.880713962470157,23,10,14,8,0,2,Faible
9.876817580981301,18,16,8,4,10,2,Faible
23.980868865470878,34,15,8,4,1,10,Faible
19.32826652224601,37,34,3,4,5,25,Fort
24.22470984065194,39,6,2,0,5,1,Très Faible
6.903109696177639,6,6,36,3,1,2,Très Faible
22.12086033782912,21,17,18,14,3,0,Moyen
16.583309915728066,12,11,9,10,1,0,Faible
21.642407619410427,1,1,19,0,1,0,Très Faible
24.991260706458647,43,13,1,2,3,8,Faible
13.28462970301093,34,33,8,15,13,5,Très Fort
15.205451012754379,31,5,2,1,2,2,Très Faible
10.07005459990167,4,2,36,2,0,0,Très Faible
20.301347243572295,7,4,18,1,3,0,Très Faible
9.729983290794396,11,1,12,0,1,0,Très Faible
19.179513515088004,28,22,15,18,0,4,Moyen
16.15177175521108,23,18,1,12,5,1,Moyen
24.843001416965752,31,25,7,6,5,14,Fort
14.54870501205676,16,2,22,2,0,0,Très Faible
13.929075704823507,26,5,5,3,2,0,Très Faible
15.036673559916307,15,0,11,0,0,0,Très Faible
9.190880996132787,2,0,35,0,0,0,Très Faible
12.26038014988391,14,14,22,2,6,6,Faible
18.64174216136955,3,2,21,2,0,0,Très Faible
13.148584348741617,20,3,4,1,0,2,Très Faible
14.146793706747719,4,3,19,3,0,0,Très Faible
21.83817207241278,37,19,4,6,4,9,Moyen
9.936422382833616,41,0,2,0,0,0,Très Faible
18.24608367754515,18,7,4,4,2,1,Faible
16.70849509748426,11,11,9,2,0,9,Faible
18.01599426504599,44,22,0,15,5,2,Moyen
16.24041483703138,17,4,20,2,1,1,Très Faible
22.72875567096083,13,13,7,5,1,7,Faible
20.298530538467183,31,1,12,0,1,0,Très Faible
6.990502137634415,7,0,20,0,0,0,Très Faible
17.08410172296937,16,12,7,8,3,1,Faible
10.741853041615386,12,5,0,2,3,0,Faible
20.923659911188906,1,0,14,0,0,0,Très Faible
16.478073429574806,37,13,6,6,4,3,Faible
18.854266233962722,25,22,14,8,11,3,Moyen
20.247170718952606,28,0,5,0,0,0,Très Faible
6.802012048788118,35,9,5,7,1,1,Très Faible
16.284398903300193,20,11,17,10,1,0,Moyen
9.443384311816905,19,17,6,14,3,0,Faible
5.256166739071359,25,10,17,1,6,3,Faible
11.916833508763865,15,6,19,6,0,0,Faible
15.631442029828513,31,20,6,18,1,1,Moyen
8.840183181225235,5,3,14,2,0,1,Très Faible
11.450879575404354,36,4,0,1,2,1,Très Faible
7.574267471996478,43,15,1,0,6,9,Faible
9.382490390453873,29,12,8,6,3,3,Faible
18.519152800471076,43,12,0,9,1,2,Très Faible
15.828344034869147,19,17,4,16,1,0,Faible
18.901588173585612,34,26,1,4,6,16,Fort
22.03274137045924,26,15,17,0,10,5,Moyen
20.976260249726185,37,4,1,2,1,1,Très Faible
19.15696375752899,24,24,1,15,2,7,Moyen
15.649226745655895,20,20,14,9,7,4,Moyen
10.528878260622287,5,3,16,1,2,0,Très Faible
20.940174318491145,4,3,8,3,0,0,Très Faible
14.905578489907638,24,7,1,5,0,2,Très Faible
7.666273504455754,15,14,20,5,4,5,Faible
5.277357737807506,10,2,1,1,0,1,Très Faible
21.408727860886966,17,17,7,13,2,2,Faible
10.962828927377279,26,6,16,4,2,0,Très Faible
9.879128901634244,9,5,11,3,0,2,Très Faible
7.314710006405836,32,15,11,10,1,4,Faible
18.52660328713175,40,28,3,17,1,10,Très Fort
15.575014251100423,5,0,14,0,0,0,Très Faible
8.06683941566389,30,13,1,2,11,0,Faible
16.436126404784424,6,3,19,2,1,0,Très Faible
20.61373334903982,40,14,0,5,9,0,Faible
13.734660684225663,42,25,2,2,9,14,Moyen
10.582019944878985,10,1,34,0,0,1,Très Faible
20.201880281184614,38,16,1,16,0,0,Faible
7.883094672660942,9,8,1,0,4,4,Très Faible
9.469019064757397,33,32,3,9,16,7,Très Fort
6.841062185146976,4,4,19,4,0,0,Très Faible
9.58241763511763,36,11,5,2,7,2,Faible
16.2890876350417,43,43,1,42,0,1,Très Fort
10.021639693548748,31,28,13,19,8,1,Très Fort
13.441190176684126,42,13,2,11,0,2,Faible
8.086975755091476,37,10,4,0,9,1,Très Faible
24.592642145270446,5,3,10,1,1,1,Très Faible
12.825783990083943,29,6,4,2,2,2,Très Faible
19.614416053541905,14,9,23,4,5,0,Faible
19.138865872057345,5,4,18,1,2,1,Très Faible
14.170922656878107,37,17,0,10,2,5,Faible
14.55297171207106,26,26,5,0,25,1,Moyen
13.233031676002653,42,23,2,7,11,5,Moyen
8.141927220844007,10,0,19,0,0,0,Très Faible
9.450223983221546,14,8,1,5,0,3,Faible
13.704794101831713,29,18,11,7,0,11,Moyen
21.84195606414054,6,1,8,0,1,0,Très Faible
6.965341730839645,11,8,21,2,4,2,Faible
6.783915775938041,29,12,8,4,8,0,Faible
12.926976832138342,32,24,10,18,4,2,Très Fort
14.136905250712806,26,26,5,19,4,3,Moyen
6.638372723815467,3,0,32,0,0,0,Très Faible
23.013788212363885,3,1,39,1,0,0,Très Faible
8.861078715863142,29,9,9,8,1,0,Faible
23.257098714665677,2,2,41,0,0,2,Très Faible
13.41767130353779,39,26,4,21,0,5,Moyen
24.87349440239794,36,13,8,3,6,4,Faible
18.88942413343493,34,9,4,1,3,5,Très Faible
15.454610289014198,30,11,0,4,5,2,Faible
20.939612207930956,29,18,9,4,7,7,Moyen
7.5445994333620074,38,33,0,2,8,23,Très Fort
10.832637360547865,38,24,2,11,3,10,Moyen
10.218573430499108,27,14,17,10,4,0,Moyen
13.223645297154409,27,2,13,2,0,0,Très Faible
6.574550922570916,11,6,15,4,0,2,Faible
7.684888635883711,18,9,12,0,8,1,Faible
23.684641318587964,6,3,20,3,0,0,Très Faible
12.99723850816751,2,1,4,0,0,1,Très Faible
9.350755760697666,27,2,7,2,0,0,Très Faible
23.713714275955258,37,19,6,12,2,5,Moyen
16.234638833978842,22,18,13,10,8,0,Moyen
9.149444979106715,3,2,19,0,1,1,Très Faible
7.154260541614468,32,12,8,6,4,2,Faible
16.277781937642384,18,14,8,1,6,7,Faible
20.12187175908628,16,1,16,1,0,0,Très Faible
16.433006581808364,12,6,22,0,1,5,Faible
21.18815463852141,15,13,5,13,0,0,Faible
16.429755919460952,22,22,10,8,14,0,Moyen
5.635372213193146,26,10,5,1,5,4,Faible
20.50888438184982,9,5,35,4,0,1,Très Faible
20.88963360261073,40,11,1,7,4,0,Très Faible
15.612240099534873,19,2,11,2,0,0,Très Faible
23.167622833929563,44,40,0,14,16,10,Fort
17.97559279534915,37,37,6,35,0,2,Très Fort
23.997071719185602,25,13,8,7,5,1,Moyen
24.656073044502506,11,10,31,8,0,2,Faible
19.761125882366112,27,7,9,5,0,2,Très Faible
7.6360560566108715,11,5,26,2,0,3,Faible
16.769331931780584,5,1,24,0,1,0,Très Faible
20.97928601335979,11,10,6,2,5,3,Faible
24.48287610348893,42,9,0,3,0,6,Très Faible
20.7378327877608,25,10,9,0,1,9,Faible
18.809986799737697,12,4,8,2,0,2,Faible
17.322796702895943,24,1,5,0,1,0,Très Faible
5.768206903918916,17,1,11,1,0,0,Très Faible
12.374175865038389,3,0,14,0,0,0,Très Faible
20.603785830281684,34,13,3,4,6,3,Faible
9.682710693052146,23,6,17,2,4,0,Très Faible
6.175610267434926,12,7,11,6,1,0,Faible
11.86546233578371,29,18,1,15,1,2,Moyen
19.306885548313865,33,12,1,3,0,9,Faible
9.654036423200363,38,26,3,3,15,8,Moyen
13.945942391420303,26,22,6,4,13,5,Moyen
5.881610192105528,18,5,26,5,0,0,Très Faible
22.64771720941154,23,23,15,18,0,5,Moyen
7.903719565500335,40,26,3,19,4,3,Moyen
21.0392742414594,18,14,0,4,3,7,Faible
7.496033887486899,33,33,2,22,9,2,Très Fort
5.3470652438934945,24,0,19,0,0,0,Très Faible
17.515391280454626,15,6,14,4,2,0,Faible
13.694963163618986,30,30,14,11,11,8,Très Fort
9.27602853810621,18,13,12,4,7,2,Faible
9.323234800400947,35,35,1,28,2,5,Très Fort
5.262210228886335,23,12,1,1,6,5,Moyen
17.629928853398194,26,12,6,9,2,1,Faible
17.70605875171595,3,2,29,0,0,2,Très Faible
14.14781962851295,15,11,21,5,2,4,Faible
20.272292412362596,2,2,32,2,0,0,Très Faible
11.55987312827768,34,25,2,2,11,12,Très Fort
12.833342290029243,40,22,1,1,2,19,Moyen
22.33730978502635,35,18,3,17,0,1,Moyen
11.276929437737229,24,0,18,0,0,0,Très Faible
15.163667404876072,34,1,4,1,0,0,Très Faible
5.296640259161107,19,4,9,1,3,0,Très Faible
23.45442915389007,36,22,2,19,2,1,Moyen
22.21927426339032,30,17,9,5,4,8,Moyen
18.09386178646323,25,18,0,16,0,2,Moyen
22.293531282220442,8,5,34,1,2,2,Très Faible
8.988341729963896,25,12,19,6,1,5,Faible
14.420382537521391,6,4,34,2,1,1,Très Faible
9.044455393984812,35,29,0,9,9,11,Très Fort
17.44649070494237,39,34,1,12,11,11,Très Fort
10.751404423840757,20,1,17,1,0,0,Très Faible
22.75096260931765,24,22,18,15,6,1,Moyen
20.273540465862844,20,14,1,0,5,9,Moyen
12.145303296145123,11,3,10,3,0,0,Très Faible
7.004745785074123,16,2,5,0,0,2,Très Faible
9.666394481436187,31,8,4,7,0,1,Très Faible
9.139298661091397,25,24,11,23,0,1,Moyen
21.669478178782647,3,3,6,0,3,0,Très Faible
10.432916940982505,29,24,12,10,11,3,Moyen
23.548813577666763,28,6,9,0,6,0,Très Faible
7.29946316974857,26,2,14,1,1,0,Très Faible
22.689721070869123,20,12,23,7,2,3,Moyen
23.588802837027746,13,4,10,2,2,0,Faible
11.584135945759135,3,1,19,0,0,1,Très Faible
10.359223236724944,22,13,17,2,9,2,Moyen
21.441194633512076,6,3,13,3,0,0,Très Faible
9.591719702415604,5,2,38,0,2,0,Très Faible
19.02662151113919,31,16,10,5,3,8,Moyen
18.966095685689627,29,2,12,1,0,1,Très Faible
23.500264625811877,32,22,12,21,1,0,Moyen
15.575343950053247,39,2,1,0,1,1,Très Faible
13.866056380281453,13,6,8,2,4,0,Faible
21.118793684732104,36,2,2,2,0,0,Très Faible
5.559768097864779,6,5,6,2,2,1,Très Faible
15.923248998418648,40,7,1,7,0,0,Très Faible
5.3901834495150736,31,6,2,5,1,0,Très Faible
7.304419418653665,31,1,7,1,0,0,Très Faible
12.939093683528478,11,9,4,1,7,1,Faible
23.74104510746333,22,19,16,11,3,5,Moyen
13.830193200165295,17,11,14,7,0,4,Faible
10.960870385363856,33,25,1,18,2,5,Très Fort
22.269377737041452,1,1,10,0,0,1,Très Faible
18.43653541106308,24,18,15,0,4,14,Moyen
9.880681480054331,28,14,0,8,6,0,Moyen
5.296975353033333,11,1,15,1,0,0,Très Faible
12.808993380723631,19,16,4,3,2,11,Faible
17.930090693519173,42,3,0,1,0,2,Très Faible
23.85897519890777,28,3,12,1,2,0,Très Faible
14.296362266459646,39,23,1,9,9,5,Moyen
15.590926529477445,28,27,11,4,14,9,Moyen
23.38718130642702,11,4,12,1,0,3,Faible
10.61331114079794,7,0,18,0,0,0,Très Faible
13.120286897694559,5,4,21,0,3,1,Très Faible
6.408985656184337,31,16,1,16,0,0,Moyen
23.27098790183439,3,3,7,2,0,1,Très Faible
10.907150065315957,37,35,4,4,25,6,Très Fort
17.31341056513862,16,0,1,0,0,0,Très Faible
23.923327256243173,27,26,7,18,6,2,Moyen
7.932756505285079,37,21,4,7,0,14,Moyen
24.898368728103264,6,0,13,0,0,0,Très Faible
5.906857204638152,38,14,5,6,8,0,Faible
17.715242386726043,41,31,3,9,21,1,Très Fort
12.721952974491337,43,7,0,6,1,0,Très Faible
24.727076655033848,36,10,3,10,0,0,Très Faible
22.124005277398098,10,4,0,2,0,2,Faible
15.386369970632485,34,3,8,3,0,0,Très Faible
7.3690980602648555,29,5,11,4,0,1,Très Faible
8.717199374834884,6,5,25,5,0,0,Très Faible
7.014091413143817,17,5,8,1,2,2,Très Faible
11.624392600319528,24,17,9,12,2,3,Moyen
14.586761036523924,35,18,9,18,0,0,Moyen
21.199907279303975,39,0,0,0,0,0,Très Faible
5.263241243747836,9,6,24,3,2,1,Très Faible
15.703113046099324,11,10,29,10,0,0,Faible
9.067276729654537,42,15,1,5,3,7,Faible
17.77863528006227,20,15,13,11,3,1,Moyen
9.224692060416018,33,29,7,16,10,3,Très Fort
15.41851637829579,19,12,5,4,6,2,Faible
22.569483825362596,42,12,1,3,3,6,Très Faible
17.2604996381041,1,0,15,0,0,0,Très Faible
12.365632302683057,20,20,15,11,9,0,Moyen
22.22214047866055,31,20,2,8,6,6,Moyen
9.390610608138923,18,6,23,1,4,1,Faible
10.065025595495424,19,3,18,1,1,1,Très Faible
8.21097270312799,12,7,1,3,0,4,Faible
8.570751267204022,39,3,3,2,0,1,Très Faible
16.99603972854387,29,11,14,4,6,1,Faible
23.65185375664821,23,13,19,8,0,5,Moyen
24.619569798722292,27,14,0,14,0,0,Moyen
8.659825996074389,29,24,9,13,0,11,Moyen
20.677537752901472,21,4,21,2,2,0,Très Faible
15.838462114910962,20,0,7,0,0,0,Très Faible
17.02673077088981,42,4,1,0,0,4,Très Faible
20.117924977382984,24,10,19,5,3,2,Faible
11.154156812438652,12,6,30,2,4,0,Faible
23.31749783133439,23,4,9,0,0,4,Très Faible
19.473436319537278,6,4,33,3,0,1,Très Faible
18.349802923579055,8,5,7,3,2,0,Très Faible
18.863651497355058,19,10,1,9,1,0,Faible
13.593824892423157,24,1,16,1,0,0,Très Faible
17.90974368358679,1,0,24,0,0,0,Très Faible
9.919016331396467,29,5,0,2,1,2,Très Faible
24.62712974586223,43,8,1,6,0,2,Très Faible
24.90589363644179,30,8,0,8,0,0,Très Faible
22.388463782064594,1,1,31,1,0,0,Très Faible
24.73061860461391,20,13,12,13,0,0,Moyen
21.231624306377466,10,10,17,8,0,2,Faible
13.718443413526483,7,1,4,0,1,0,Très Faible
13.127511698557907,6,4,22,0,3,1,Très Faible
14.467616994439194,29,8,0,3,3,2,Très Faible
13.31754999931433,9,2,8,1,1,0,Très Faible
8.247784970005814,3,2,39,2,0,0,Très Faible
16.88376849748999,44,34,0,26,1,7,Très Fort
23.94332210214867,37,14,4,1,7,6,Faible
22.337584633820924,4,3,37,3,0,0,Très Faible
14.788527437848476,42,0,0,0,0,0,Très Faible
5.708255521310688,9,8,13,5,3,0,Très Faible
17.906912678438594,44,1,0,1,0,0,Très Faible
22.84114987961675,36,11,1,0,7,4,Faible
17.42962453087076,1,0,32,0,0,0,Très Faible
24.462478407179855,34,11,5,2,7,2,Faible
19.2760014848,34,5,5,0,3,2,Très Faible
17.220098416957317,5,5,20,0,2,3,Très Faible
9.477683937149404,40,20,1,12,6,2,Moyen
20.384881233945332,30,15,2,14,0,1,Moyen
10.88365852184893,11,0,7,0,0,0,Très Faible
17.798783227611295,7,5,14,4,0,1,Très Faible
11.380503469047259,16,3,7,3,0,0,Très Faible
20.647315465096398,38,16,3,13,1,2,Faible
8.325530651685153,23,6,7,1,2,3,Très Faible
5.676379286577773,27,5,6,1,4,0,Très Faible
10.47039698843725,23,2,10,1,1,0,Très Faible
14.235900976722242,1,1,17,1,0,0,Très Faible
17.34651598156381,9,7,34,3,4,0,Très Faible
18.882947528585685,22,14,5,14,0,0,Moyen
9.836839278210912,35,34,9,21,9,4,Très Fort
19.36869455554586,1,1,24,0,1,0,Très Faible
14.157418690540606,6,5,36,0,4,1,Très Faible
23.792087263176708,44,5,0,2,3,0,Très Faible
13.985872427623029,33,10,2,8,2,0,Faible
16.87792845219911,5,2,24,2,0,0,Très Faible
24.696892826504786,26,4,3,4,0,0,Très Faible
11.097833435463485,34,26,3,21,2,3,Très Fort
16.91505979152168,8,7,36,0,7,0,Très Faible
15.71924110781768,26,13,12,10,1,2,Moyen
19.054166115753517,14,0,5,0,0,0,Très Faible
19.531257983894783,37,28,5,12,6,10,Fort
22.505796614829134,39,21,1,1,20,0,Moyen
16.955003309737165,6,5,35,1,4,0,Très Faible
20.33484107938516,39,35,0,11,15,9,Fort
13.074462277664335,26,15,12,1,13,1,Moyen
18.8970247302965,8,1,9,0,0,1,Très Faible
20.55647432276603,31,21,3,1,11,9,Moyen
5.11272624384037,4,3,36,0,2,1,Très Faible
21.286452884143493,33,4,7,0,4,0,Très Faible
10.05271574902412,17,17,8,17,0,0,Faible
21.479667988052135,32,32,7,7,15,10,Fort
14.213606710388373,30,11,11,0,8,3,Faible
17.212312621122706,10,4,8,0,1,3,Faible
10.335389050026418,38,28,3,21,7,0,Très Fort
19.697394540709077,11,11,23,0,10,1,Faible
20.80149086963112,20,9,15,1,7,1,Faible
6.565132946954188,2,2,23,2,0,0,Très Faible
7.729233269065796,34,18,10,2,7,9,Moyen
9.923759769763675,26,7,11,1,5,1,Très Faible
20.798093556804236,10,10,34,5,4,1,Faible
12.28966804065978,9,7,23,3,2,2,Très Faible
14.421129837241997,16,5,11,5,0,0,Faible
6.380569272403833,23,14,1,14,0,0,Moyen
20.168594854186953,15,4,26,3,1,0,Très Faible
10.062567183816695,16,0,0,0,0,0,Très Faible
12.724323264267593,41,14,1,0,12,2,Faible
8.663728521293223,15,9,2,7,1,1,Faible
11.074835285528494,28,27,6,19,6,2,Moyen
8.601709217315063,11,3,33,2,0,1,Très Faible
8.672466577397655,12,6,4,1,4,1,Faible
20.595670784765716,40,27,1,4,20,3,Moyen
10.871427262031307,12,2,5,0,1,1,Très Faible
14.570611946767492,39,19,1,1,11,7,Faible
6.893693028206906,34,8,10,8,0,0,Très Faible
21.990452703734352,42,12,2,10,1,1,Très Faible
13.913168128458643,30,22,14,21,0,1,Très Fort
11.2849417328553,18,7,0,7,0,0,Faible
13.504219507964088,38,3,1,0,3,0,Très Faible
7.062810833710554,29,4,13,3,0,1,Très Faible
24.013632993447903,1,1,20,1,0,0,Très Faible
8.451204576809467,35,3,7,3,0,0,Très Faible
5.875094467806101,17,6,13,0,0,6,Faible
23.201117637158756,41,10,2,6,1,3,Très Faible
13.29171270568352,28,22,6,17,1,4,Moyen
22.293127508395262,4,4,34,0,2,2,Très Faible
9.179182718141991,40,37,1,3,1,33,Très Fort
6.769032786992226,36,9,3,3,0,6,Très Faible
8.612945865685052,36,6,8,1,2,3,Très Faible
24.76308677419,28,18,5,2,16,0,Moyen
21.95501944762538,29,3,4,1,0,2,Très Faible
17.033117929417507,9,6,2,3,3,0,Très Faible
8.904315193054725,9,3,16,3,0,0,Très Faible
5.191584478094143,29,24,6,11,3,10,Moyen
24.883337136148157,16,0,10,0,0,0,Très Faible
10.631263262853203,26,17,13,14,0,3,Moyen
14.726203897505158,42,36,2,34,2,0,Très Fort
5.076505411930173,7,3,20,3,0,0,Très Faible
5.053246554264845,8,7,15,1,6,0,Très Faible
13.942393125539406,31,16,8,3,5,8,Moyen
14.86789070091837,19,9,21,9,0,0,Faible
7.885504606437975,35,11,4,3,3,5,Faible
16.62307714363176,12,1,32,0,1,0,Très Faible
20.439415196796134,20,20,17,6,6,8,Moyen
9.031570071030153,21,1,12,0,1,0,Très Faible
8.998676703395015,20,16,11,13,2,1,Moyen
15.548720096114385,21,8,3,7,0,1,Faible
10.21480076640325,12,12,20,5,6,1,Faible
18.976207900870236,21,10,14,0,0,10,Faible
10.877610796312595,27,0,3,0,0,0,Très Faible
7.030916555678466,3,3,14,2,1,0,Très Faible